contour_chin.x,contour_chin.y,contour_left1.x,contour_left1.y,contour_left2.x,contour_left2.y,contour_left3.x,contour_left3.y,contour_left4.x,contour_left4.y,contour_left5.x,contour_left5.y,contour_left6.x,contour_left6.y,contour_left7.x,contour_left7.y,contour_left8.x,contour_left8.y,contour_left9.x,contour_left9.y,contour_right1.x,contour_right1.y,contour_right2.x,contour_right2.y,contour_right3.x,contour_right3.y,contour_right4.x,contour_right4.y,contour_right5.x,contour_right5.y,contour_right6.x,contour_right6.y,contour_right7.x,contour_right7.y,contour_right8.x,contour_right8.y,contour_right9.x,contour_right9.y,left_eye_bottom.x,left_eye_bottom.y,left_eye_center.x,left_eye_center.y,left_eye_left_corner.x,left_eye_left_corner.y,left_eye_lower_left_quarter.x,left_eye_lower_left_quarter.y,left_eye_lower_right_quarter.x,left_eye_lower_right_quarter.y,left_eye_pupil.x,left_eye_pupil.y,left_eye_right_corner.x,left_eye_right_corner.y,left_eye_top.x,left_eye_top.y,left_eye_upper_left_quarter.x,left_eye_upper_left_quarter.y,left_eye_upper_right_quarter.x,left_eye_upper_right_quarter.y,left_eyebrow_left_corner.x,left_eyebrow_left_corner.y,left_eyebrow_lower_left_quarter.x,left_eyebrow_lower_left_quarter.y,left_eyebrow_lower_middle.x,left_eyebrow_lower_middle.y,left_eyebrow_lower_right_quarter.x,left_eyebrow_lower_right_quarter.y,left_eyebrow_right_corner.x,left_eyebrow_right_corner.y,left_eyebrow_upper_left_quarter.x,left_eyebrow_upper_left_quarter.y,left_eyebrow_upper_middle.x,left_eyebrow_upper_middle.y,left_eyebrow_upper_right_quarter.x,left_eyebrow_upper_right_quarter.y,mouth_left_corner.x,mouth_left_corner.y,mouth_lower_lip_bottom.x,mouth_lower_lip_bottom.y,mouth_lower_lip_left_contour1.x,mouth_lower_lip_left_contour1.y,mouth_lower_lip_left_contour2.x,mouth_lower_lip_left_contour2.y,mouth_lower_lip_left_contour3.x,mouth_lower_lip_left_contour3.y,mouth_lower_lip_right_contour1.x,mouth_lower_lip_right_contour1.y,mouth_lower_lip_right_contour2.x,mouth_lower_lip_right_contour2.y,mouth_lower_lip_right_contour3.x,mouth_lower_lip_right_contour3.y,mouth_lower_lip_top.x,mouth_lower_lip_top.y,mouth_right_corner.x,mouth_right_corner.y,mouth_upper_lip_bottom.x,mouth_upper_lip_bottom.y,mouth_upper_lip_left_contour1.x,mouth_upper_lip_left_contour1.y,mouth_upper_lip_left_contour2.x,mouth_upper_lip_left_contour2.y,mouth_upper_lip_left_contour3.x,mouth_upper_lip_left_contour3.y,mouth_upper_lip_right_contour1.x,mouth_upper_lip_right_contour1.y,mouth_upper_lip_right_contour2.x,mouth_upper_lip_right_contour2.y,mouth_upper_lip_right_contour3.x,mouth_upper_lip_right_contour3.y,mouth_upper_lip_top.x,mouth_upper_lip_top.y,nose_contour_left1.x,nose_contour_left1.y,nose_contour_left2.x,nose_contour_left2.y,nose_contour_left3.x,nose_contour_left3.y,nose_contour_lower_middle.x,nose_contour_lower_middle.y,nose_contour_right1.x,nose_contour_right1.y,nose_contour_right2.x,nose_contour_right2.y,nose_contour_right3.x,nose_contour_right3.y,nose_left.x,nose_left.y,nose_right.x,nose_right.y,nose_tip.x,nose_tip.y,right_eye_bottom.x,right_eye_bottom.y,right_eye_center.x,right_eye_center.y,right_eye_left_corner.x,right_eye_left_corner.y,right_eye_lower_left_quarter.x,right_eye_lower_left_quarter.y,right_eye_lower_right_quarter.x,right_eye_lower_right_quarter.y,right_eye_pupil.x,right_eye_pupil.y,right_eye_right_corner.x,right_eye_right_corner.y,right_eye_top.x,right_eye_top.y,right_eye_upper_left_quarter.x,right_eye_upper_left_quarter.y,right_eye_upper_right_quarter.x,right_eye_upper_right_quarter.y,right_eyebrow_left_corner.x,right_eyebrow_left_corner.y,right_eyebrow_lower_left_quarter.x,right_eyebrow_lower_left_quarter.y,right_eyebrow_lower_middle.x,right_eyebrow_lower_middle.y,right_eyebrow_lower_right_quarter.x,right_eyebrow_lower_right_quarter.y,right_eyebrow_right_corner.x,right_eyebrow_right_corner.y,right_eyebrow_upper_left_quarter.x,right_eyebrow_upper_left_quarter.y,right_eyebrow_upper_middle.x,right_eyebrow_upper_middle.y,right_eyebrow_upper_right_quarter.x,right_eyebrow_upper_right_quarter.y
0.49,0.79,0,0,0,0.11,0.01,0.22,0.03,0.33,0.07,0.44,0.13,0.53,0.2,0.62,0.28,0.7,0.37,0.77,1,0,0.99,0.11,0.98,0.22,0.96,0.33,0.92,0.43,0.86,0.53,0.79,0.62,0.71,0.7,0.62,0.77,0.26,0.04,0.26,0.01,0.17,0,0.21,0.03,0.31,0.04,0.27,0,0.36,0.04,0.27,-0.04,0.21,-0.03,0.32,-0.01,0.09,-0.12,0.16,-0.12,0.23,-0.11,0.31,-0.09,0.39,-0.08,0.16,-0.17,0.24,-0.17,0.32,-0.14,0.25,0.41,0.5,0.58,0.36,0.49,0.31,0.5,0.39,0.56,0.63,0.48,0.68,0.49,0.61,0.55,0.5,0.52,0.73,0.4,0.5,0.47,0.45,0.43,0.35,0.43,0.37,0.45,0.55,0.43,0.64,0.42,0.62,0.45,0.5,0.44,0.41,0.04,0.38,0.24,0.42,0.36,0.49,0.39,0.56,0.04,0.6,0.24,0.57,0.36,0.35,0.32,0.63,0.31,0.48,0.32,0.72,0.04,0.72,0.01,0.62,0.04,0.67,0.04,0.77,0.03,0.71,0,0.82,0,0.71,-0.03,0.66,-0.01,0.77,-0.02,0.58,-0.09,0.66,-0.1,0.74,-0.11,0.82,-0.11,0.89,-0.11,0.65,-0.14,0.73,-0.17,0.82,-0.16
0.473684211,0.821052632,0,0,0,0.115789474,0.010526316,0.221052632,0.021052632,0.336842105,0.052631579,0.452631579,0.105263158,0.547368421,0.178947368,0.642105263,0.252631579,0.726315789,0.357894737,0.8,1,0,1,0.115789474,0.989473684,0.231578947,0.968421053,0.347368421,0.926315789,0.452631579,0.863157895,0.557894737,0.789473684,0.652631579,0.705263158,0.726315789,0.610526316,0.8,0.252631579,0.021052632,0.252631579,-0.010526316,0.157894737,-0.021052632,0.2,0.010526316,0.305263158,0.021052632,0.263157895,-0.021052632,0.357894737,0.010526316,0.263157895,-0.052631579,0.210526316,-0.042105263,0.315789474,-0.031578947,0.084210526,-0.136842105,0.147368421,-0.136842105,0.221052632,-0.136842105,0.294736842,-0.115789474,0.378947368,-0.115789474,0.147368421,-0.189473684,0.231578947,-0.189473684,0.305263158,-0.168421053,0.263157895,0.452631579,0.463157895,0.589473684,0.347368421,0.515789474,0.305263158,0.515789474,0.368421053,0.568421053,0.578947368,0.526315789,0.631578947,0.536842105,0.557894737,0.578947368,0.463157895,0.536842105,0.684210526,0.473684211,0.463157895,0.473684211,0.421052632,0.442105263,0.336842105,0.431578947,0.357894737,0.452631579,0.505263158,0.442105263,0.6,0.452631579,0.568421053,0.473684211,0.463157895,0.442105263,0.410526316,0.021052632,0.368421053,0.221052632,0.4,0.336842105,0.473684211,0.357894737,0.557894737,0.021052632,0.589473684,0.221052632,0.547368421,0.336842105,0.336842105,0.305263158,0.621052632,0.305263158,0.463157895,0.273684211,0.715789474,0.031578947,0.705263158,0,0.610526316,0.021052632,0.652631579,0.031578947,0.768421053,0.021052632,0.694736842,-0.010526316,0.810526316,-0.010526316,0.705263158,-0.042105263,0.642105263,-0.021052632,0.757894737,-0.031578947,0.557894737,-0.105263158,0.642105263,-0.115789474,0.726315789,-0.126315789,0.8,-0.136842105,0.873684211,-0.136842105,0.631578947,-0.168421053,0.715789474,-0.189473684,0.810526316,-0.189473684
0.470588235,0.803921569,0,0,0,0.107843137,0.009803922,0.215686275,0.029411765,0.333333333,0.058823529,0.441176471,0.107843137,0.539215686,0.176470588,0.62745098,0.254901961,0.715686275,0.352941176,0.784313725,1,0,1,0.117647059,0.990196078,0.225490196,0.960784314,0.343137255,0.931372549,0.460784314,0.882352941,0.558823529,0.803921569,0.647058824,0.715686275,0.725490196,0.607843137,0.784313725,0.215686275,0.019607843,0.225490196,-0.009803922,0.12745098,-0.009803922,0.166666667,0.009803922,0.274509804,0.019607843,0.225490196,-0.019607843,0.323529412,0.009803922,0.225490196,-0.058823529,0.166666667,-0.049019608,0.284313725,-0.039215686,0.058823529,-0.147058824,0.12745098,-0.156862745,0.196078431,-0.166666667,0.274509804,-0.156862745,0.352941176,-0.156862745,0.117647059,-0.205882353,0.196078431,-0.225490196,0.284313725,-0.205882353,0.284313725,0.480392157,0.460784314,0.549019608,0.37254902,0.480392157,0.333333333,0.519607843,0.392156863,0.539215686,0.549019608,0.480392157,0.598039216,0.509803922,0.539215686,0.539215686,0.460784314,0.480392157,0.647058824,0.480392157,0.460784314,0.480392157,0.411764706,0.421568627,0.343137255,0.450980392,0.37254902,0.480392157,0.5,0.421568627,0.578431373,0.441176471,0.549019608,0.480392157,0.460784314,0.431372549,0.392156863,0.019607843,0.352941176,0.196078431,0.392156863,0.31372549,0.460784314,0.333333333,0.549019608,0.019607843,0.578431373,0.196078431,0.539215686,0.31372549,0.323529412,0.284313725,0.617647059,0.284313725,0.460784314,0.235294118,0.735294118,0.019607843,0.735294118,-0.009803922,0.637254902,0,0.676470588,0.009803922,0.784313725,0.009803922,0.725490196,-0.029411765,0.823529412,-0.009803922,0.725490196,-0.068627451,0.676470588,-0.049019608,0.784313725,-0.049019608,0.607843137,-0.156862745,0.68627451,-0.147058824,0.764705882,-0.147058824,0.843137255,-0.137254902,0.911764706,-0.117647059,0.68627451,-0.205882353,0.774509804,-0.205882353,0.852941176,-0.18627451
0.505747126,0.770114943,0,0,0,0.103448276,0.011494253,0.218390805,0.034482759,0.32183908,0.068965517,0.436781609,0.126436782,0.528735632,0.195402299,0.609195402,0.287356322,0.689655172,0.390804598,0.747126437,1,-0.011494253,1,0.103448276,0.988505747,0.218390805,0.965517241,0.32183908,0.931034483,0.425287356,0.885057471,0.528735632,0.816091954,0.609195402,0.724137931,0.689655172,0.632183908,0.747126437,0.275862069,0.034482759,0.275862069,0,0.183908046,0,0.218390805,0.022988506,0.32183908,0.022988506,0.287356322,-0.011494253,0.379310345,0.022988506,0.275862069,-0.045977011,0.229885057,-0.034482759,0.333333333,-0.034482759,0.103448276,-0.126436782,0.16091954,-0.137931034,0.229885057,-0.137931034,0.298850575,-0.137931034,0.379310345,-0.126436782,0.16091954,-0.183908046,0.229885057,-0.195402299,0.310344828,-0.183908046,0.298850575,0.459770115,0.505747126,0.574712644,0.402298851,0.482758621,0.356321839,0.517241379,0.413793103,0.551724138,0.609195402,0.494252874,0.666666667,0.517241379,0.597701149,0.563218391,0.505747126,0.505747126,0.712643678,0.459770115,0.505747126,0.471264368,0.459770115,0.425287356,0.379310345,0.436781609,0.402298851,0.471264368,0.563218391,0.425287356,0.643678161,0.436781609,0.609195402,0.471264368,0.505747126,0.436781609,0.436781609,0.022988506,0.402298851,0.218390805,0.425287356,0.333333333,0.505747126,0.356321839,0.574712644,0.022988506,0.609195402,0.218390805,0.574712644,0.333333333,0.367816092,0.298850575,0.643678161,0.298850575,0.505747126,0.275862069,0.735632184,0.034482759,0.724137931,0,0.632183908,0.022988506,0.67816092,0.022988506,0.781609195,0.022988506,0.712643678,-0.011494253,0.816091954,0,0.724137931,-0.045977011,0.666666667,-0.034482759,0.781609195,-0.034482759,0.620689655,-0.137931034,0.689655172,-0.137931034,0.770114943,-0.137931034,0.827586207,-0.137931034,0.896551724,-0.126436782,0.689655172,-0.183908046,0.75862069,-0.195402299,0.83908046,-0.183908046
0.480769231,0.788461538,0,0,0,0.115384615,0,0.221153846,0.019230769,0.336538462,0.048076923,0.451923077,0.096153846,0.548076923,0.163461538,0.644230769,0.25,0.711538462,0.355769231,0.769230769,1,0,1,0.115384615,1,0.230769231,0.980769231,0.346153846,0.951923077,0.461538462,0.894230769,0.567307692,0.817307692,0.653846154,0.721153846,0.721153846,0.615384615,0.769230769,0.259615385,0,0.259615385,-0.028846154,0.173076923,-0.028846154,0.211538462,-0.009615385,0.307692308,-0.009615385,0.269230769,-0.038461538,0.355769231,-0.019230769,0.259615385,-0.067307692,0.211538462,-0.048076923,0.317307692,-0.048076923,0.086538462,-0.115384615,0.144230769,-0.134615385,0.211538462,-0.134615385,0.278846154,-0.134615385,0.355769231,-0.144230769,0.134615385,-0.173076923,0.201923077,-0.192307692,0.278846154,-0.182692308,0.298076923,0.490384615,0.471153846,0.548076923,0.384615385,0.490384615,0.346153846,0.528846154,0.403846154,0.548076923,0.567307692,0.480769231,0.605769231,0.509615385,0.548076923,0.538461538,0.471153846,0.490384615,0.653846154,0.471153846,0.471153846,0.442307692,0.423076923,0.394230769,0.355769231,0.432692308,0.384615385,0.451923077,0.519230769,0.384615385,0.596153846,0.413461538,0.557692308,0.442307692,0.471153846,0.394230769,0.403846154,0.009615385,0.375,0.173076923,0.403846154,0.278846154,0.471153846,0.298076923,0.538461538,0,0.567307692,0.173076923,0.538461538,0.278846154,0.346153846,0.259615385,0.596153846,0.259615385,0.461538462,0.201923077,0.682692308,0.009615385,0.682692308,-0.019230769,0.596153846,-0.009615385,0.634615385,0,0.740384615,0,0.682692308,-0.028846154,0.778846154,-0.019230769,0.682692308,-0.057692308,0.634615385,-0.048076923,0.740384615,-0.048076923,0.576923077,-0.134615385,0.653846154,-0.125,0.730769231,-0.134615385,0.798076923,-0.125,0.865384615,-0.105769231,0.644230769,-0.173076923,0.730769231,-0.182692308,0.807692308,-0.163461538
0.510204082,0.734693878,0,0,0,0.102040816,0.010204082,0.204081633,0.040816327,0.316326531,0.071428571,0.418367347,0.132653061,0.510204082,0.204081633,0.591836735,0.285714286,0.663265306,0.387755102,0.714285714,1,-0.010204082,0.989795918,0.102040816,0.979591837,0.204081633,0.948979592,0.306122449,0.918367347,0.397959184,0.867346939,0.489795918,0.795918367,0.571428571,0.714285714,0.642857143,0.62244898,0.704081633,0.275510204,0.030612245,0.275510204,0,0.193877551,0,0.224489796,0.020408163,0.316326531,0.030612245,0.285714286,-0.010204082,0.357142857,0.020408163,0.275510204,-0.040816327,0.234693878,-0.030612245,0.326530612,-0.020408163,0.12244898,-0.091836735,0.183673469,-0.102040816,0.255102041,-0.112244898,0.316326531,-0.102040816,0.387755102,-0.102040816,0.183673469,-0.142857143,0.255102041,-0.153061224,0.326530612,-0.142857143,0.316326531,0.43877551,0.510204082,0.551020408,0.418367347,0.469387755,0.367346939,0.489795918,0.428571429,0.530612245,0.602040816,0.479591837,0.653061224,0.5,0.591836735,0.540816327,0.510204082,0.489795918,0.693877551,0.448979592,0.510204082,0.469387755,0.469387755,0.418367347,0.397959184,0.428571429,0.418367347,0.448979592,0.56122449,0.418367347,0.632653061,0.43877551,0.602040816,0.459183673,0.520408163,0.428571429,0.43877551,0.030612245,0.408163265,0.204081633,0.43877551,0.316326531,0.520408163,0.346938776,0.581632653,0.020408163,0.62244898,0.204081633,0.591836735,0.316326531,0.37755102,0.285714286,0.653061224,0.275510204,0.520408163,0.265306122,0.734693878,0.030612245,0.734693878,0,0.632653061,0.020408163,0.683673469,0.020408163,0.785714286,0.010204082,0.714285714,-0.010204082,0.826530612,-0.010204082,0.724489796,-0.051020408,0.673469388,-0.030612245,0.785714286,-0.040816327,0.62244898,-0.102040816,0.704081633,-0.102040816,0.775510204,-0.12244898,0.846938776,-0.12244898,0.908163265,-0.12244898,0.693877551,-0.153061224,0.775510204,-0.173469388,0.846938776,-0.173469388
0.510869565,0.77173913,0,0,0,0.108695652,0.010869565,0.217391304,0.032608696,0.326086957,0.076086957,0.434782609,0.130434783,0.532608696,0.206521739,0.608695652,0.293478261,0.684782609,0.391304348,0.75,1,-0.010869565,1,0.097826087,0.989130435,0.206521739,0.97826087,0.326086957,0.934782609,0.423913043,0.880434783,0.52173913,0.815217391,0.608695652,0.72826087,0.684782609,0.641304348,0.739130435,0.260869565,0.010869565,0.260869565,-0.010869565,0.173913043,-0.010869565,0.217391304,0,0.315217391,0.010869565,0.27173913,-0.010869565,0.358695652,0,0.27173913,-0.043478261,0.217391304,-0.032608696,0.315217391,-0.032608696,0.097826087,-0.141304348,0.173913043,-0.141304348,0.239130435,-0.141304348,0.315217391,-0.130434783,0.391304348,-0.130434783,0.163043478,-0.184782609,0.239130435,-0.195652174,0.326086957,-0.184782609,0.304347826,0.413043478,0.510869565,0.554347826,0.402173913,0.467391304,0.347826087,0.489130435,0.423913043,0.532608696,0.630434783,0.467391304,0.673913043,0.47826087,0.608695652,0.532608696,0.510869565,0.5,0.717391304,0.413043478,0.510869565,0.423913043,0.467391304,0.391304348,0.380434783,0.391304348,0.413043478,0.413043478,0.565217391,0.391304348,0.641304348,0.391304348,0.619565217,0.413043478,0.510869565,0.391304348,0.423913043,0.010869565,0.391304348,0.173913043,0.434782609,0.282608696,0.5,0.304347826,0.565217391,0.010869565,0.608695652,0.173913043,0.576086957,0.282608696,0.369565217,0.260869565,0.630434783,0.25,0.510869565,0.217391304,0.72826087,0.010869565,0.72826087,-0.010869565,0.641304348,0,0.684782609,0.010869565,0.782608696,0,0.72826087,-0.02173913,0.815217391,-0.010869565,0.72826087,-0.054347826,0.673913043,-0.032608696,0.782608696,-0.043478261,0.630434783,-0.152173913,0.695652174,-0.152173913,0.77173913,-0.152173913,0.836956522,-0.141304348,0.891304348,-0.130434783,0.695652174,-0.195652174,0.77173913,-0.206521739,0.847826087,-0.184782609
0.517482517,0.776223776,0,0,0.006993007,0.111888112,0.020979021,0.223776224,0.041958042,0.328671329,0.076923077,0.433566434,0.132867133,0.531468531,0.20979021,0.615384615,0.293706294,0.692307692,0.391608392,0.755244755,1,0,0.993006993,0.111888112,0.979020979,0.216783217,0.958041958,0.321678322,0.923076923,0.426573427,0.874125874,0.517482517,0.804195804,0.601398601,0.727272727,0.685314685,0.636363636,0.748251748,0.272727273,0.034965035,0.27972028,0,0.181818182,-0.006993007,0.216783217,0.013986014,0.328671329,0.034965035,0.293706294,-0.013986014,0.384615385,0.020979021,0.286713287,-0.055944056,0.223776224,-0.041958042,0.342657343,-0.027972028,0.104895105,-0.146853147,0.167832168,-0.153846154,0.244755245,-0.153846154,0.328671329,-0.13986014,0.405594406,-0.132867133,0.167832168,-0.202797203,0.251748252,-0.20979021,0.335664336,-0.188811189,0.307692308,0.461538462,0.524475524,0.573426573,0.412587413,0.496503497,0.370629371,0.517482517,0.433566434,0.552447552,0.622377622,0.496503497,0.671328671,0.517482517,0.608391608,0.559440559,0.524475524,0.517482517,0.72027972,0.461538462,0.517482517,0.503496503,0.475524476,0.461538462,0.391608392,0.468531469,0.412587413,0.48951049,0.566433566,0.461538462,0.643356643,0.468531469,0.622377622,0.48951049,0.517482517,0.475524476,0.447552448,0.027972028,0.412587413,0.230769231,0.447552448,0.34965035,0.524475524,0.370629371,0.587412587,0.027972028,0.629370629,0.230769231,0.594405594,0.34965035,0.384615385,0.314685315,0.657342657,0.314685315,0.524475524,0.286713287,0.755244755,0.034965035,0.748251748,0,0.65034965,0.027972028,0.699300699,0.027972028,0.804195804,0.020979021,0.734265734,-0.006993007,0.839160839,-0.006993007,0.741258741,-0.048951049,0.685314685,-0.020979021,0.797202797,-0.034965035,0.615384615,-0.118881119,0.692307692,-0.118881119,0.769230769,-0.132867133,0.846153846,-0.132867133,0.916083916,-0.125874126,0.685314685,-0.167832168,0.769230769,-0.188811189,0.846153846,-0.181818182
0.505263158,0.810526316,0,0,0,0.115789474,0.010526316,0.231578947,0.031578947,0.347368421,0.063157895,0.452631579,0.115789474,0.557894737,0.189473684,0.642105263,0.273684211,0.726315789,0.378947368,0.789473684,1,-0.010526316,1,0.105263158,0.989473684,0.221052632,0.968421053,0.326315789,0.936842105,0.442105263,0.884210526,0.536842105,0.810526316,0.631578947,0.736842105,0.715789474,0.631578947,0.778947368,0.263157895,0.031578947,0.263157895,0.010526316,0.168421053,0,0.210526316,0.021052632,0.315789474,0.031578947,0.273684211,0,0.357894737,0.031578947,0.273684211,-0.042105263,0.210526316,-0.031578947,0.326315789,-0.021052632,0.094736842,-0.126315789,0.168421053,-0.136842105,0.242105263,-0.136842105,0.315789474,-0.126315789,0.4,-0.115789474,0.168421053,-0.189473684,0.242105263,-0.189473684,0.326315789,-0.178947368,0.315789474,0.473684211,0.505263158,0.578947368,0.410526316,0.494736842,0.368421053,0.526315789,0.431578947,0.568421053,0.6,0.494736842,0.642105263,0.526315789,0.578947368,0.568421053,0.505263158,0.515789474,0.694736842,0.473684211,0.505263158,0.505263158,0.463157895,0.452631579,0.389473684,0.463157895,0.410526316,0.494736842,0.547368421,0.452631579,0.621052632,0.463157895,0.6,0.494736842,0.505263158,0.463157895,0.431578947,0.031578947,0.4,0.231578947,0.431578947,0.347368421,0.505263158,0.368421053,0.578947368,0.031578947,0.610526316,0.231578947,0.578947368,0.347368421,0.368421053,0.315789474,0.642105263,0.315789474,0.515789474,0.284210526,0.736842105,0.031578947,0.726315789,0,0.631578947,0.021052632,0.684210526,0.031578947,0.778947368,0.010526316,0.715789474,-0.010526316,0.821052632,-0.010526316,0.726315789,-0.042105263,0.673684211,-0.021052632,0.778947368,-0.042105263,0.6,-0.115789474,0.673684211,-0.115789474,0.747368421,-0.136842105,0.821052632,-0.136842105,0.894736842,-0.126315789,0.663157895,-0.168421053,0.747368421,-0.189473684,0.831578947,-0.178947368
0.492957746,0.816901408,0,0,0.007042254,0.105633803,0.021126761,0.218309859,0.049295775,0.330985915,0.084507042,0.436619718,0.14084507,0.535211268,0.204225352,0.626760563,0.281690141,0.711267606,0.373239437,0.788732394,1,-0.007042254,0.985915493,0.112676056,0.971830986,0.218309859,0.943661972,0.330985915,0.908450704,0.436619718,0.852112676,0.542253521,0.781690141,0.633802817,0.711267606,0.718309859,0.61971831,0.788732394,0.23943662,0.028169014,0.23943662,0,0.147887324,0,0.183098592,0.021126761,0.288732394,0.028169014,0.246478873,-0.014084507,0.338028169,0.021126761,0.246478873,-0.042253521,0.190140845,-0.035211268,0.295774648,-0.028169014,0.063380282,-0.112676056,0.133802817,-0.126760563,0.204225352,-0.126760563,0.281690141,-0.11971831,0.35915493,-0.11971831,0.126760563,-0.169014085,0.204225352,-0.183098592,0.288732394,-0.169014085,0.281690141,0.471830986,0.478873239,0.605633803,0.38028169,0.514084507,0.330985915,0.535211268,0.387323944,0.584507042,0.584507042,0.521126761,0.633802817,0.542253521,0.570422535,0.591549296,0.478873239,0.542253521,0.690140845,0.478873239,0.478873239,0.514084507,0.429577465,0.464788732,0.35915493,0.471830986,0.38028169,0.5,0.528169014,0.471830986,0.605633803,0.478873239,0.584507042,0.507042254,0.478873239,0.478873239,0.415492958,0.028169014,0.373239437,0.232394366,0.401408451,0.352112676,0.471830986,0.373239437,0.556338028,0.028169014,0.584507042,0.232394366,0.549295775,0.352112676,0.345070423,0.316901408,0.612676056,0.316901408,0.464788732,0.288732394,0.732394366,0.028169014,0.732394366,0,0.626760563,0.021126761,0.676056338,0.028169014,0.788732394,0.014084507,0.718309859,-0.007042254,0.830985915,-0.007042254,0.725352113,-0.042253521,0.669014085,-0.021126761,0.781690141,-0.035211268,0.591549296,-0.126760563,0.676056338,-0.126760563,0.76056338,-0.14084507,0.838028169,-0.14084507,0.915492958,-0.133802817,0.669014085,-0.183098592,0.753521127,-0.197183099,0.845070423,-0.190140845
0.5,0.818181818,0,0,0,0.118181818,0.018181818,0.227272727,0.036363636,0.336363636,0.072727273,0.445454545,0.127272727,0.545454545,0.2,0.636363636,0.281818182,0.718181818,0.372727273,0.790909091,1,0,0.990909091,0.109090909,0.981818182,0.227272727,0.954545455,0.336363636,0.918181818,0.445454545,0.863636364,0.545454545,0.790909091,0.636363636,0.718181818,0.718181818,0.618181818,0.790909091,0.254545455,0.027272727,0.254545455,0,0.163636364,-0.009090909,0.209090909,0.018181818,0.309090909,0.027272727,0.263636364,-0.009090909,0.354545455,0.018181818,0.263636364,-0.045454545,0.209090909,-0.036363636,0.318181818,-0.027272727,0.081818182,-0.1,0.154545455,-0.109090909,0.227272727,-0.109090909,0.309090909,-0.090909091,0.381818182,-0.090909091,0.145454545,-0.154545455,0.236363636,-0.154545455,0.318181818,-0.136363636,0.290909091,0.445454545,0.490909091,0.6,0.390909091,0.509090909,0.336363636,0.518181818,0.4,0.581818182,0.609090909,0.509090909,0.663636364,0.518181818,0.6,0.581818182,0.490909091,0.536363636,0.718181818,0.445454545,0.490909091,0.481818182,0.445454545,0.436363636,0.363636364,0.445454545,0.390909091,0.463636364,0.536363636,0.436363636,0.627272727,0.436363636,0.6,0.463636364,0.490909091,0.445454545,0.409090909,0.027272727,0.372727273,0.227272727,0.4,0.345454545,0.481818182,0.372727273,0.554545455,0.027272727,0.590909091,0.227272727,0.554545455,0.345454545,0.345454545,0.309090909,0.627272727,0.309090909,0.472727273,0.290909091,0.718181818,0.036363636,0.718181818,0.009090909,0.618181818,0.027272727,0.663636364,0.036363636,0.772727273,0.018181818,0.709090909,-0.009090909,0.818181818,0,0.709090909,-0.036363636,0.654545455,-0.018181818,0.772727273,-0.027272727,0.572727273,-0.081818182,0.663636364,-0.090909091,0.745454545,-0.109090909,0.818181818,-0.109090909,0.9,-0.109090909,0.645454545,-0.145454545,0.736363636,-0.163636364,0.827272727,-0.154545455
0.504761905,0.780952381,0,0,0,0.104761905,0.00952381,0.219047619,0.028571429,0.333333333,0.057142857,0.447619048,0.114285714,0.542857143,0.180952381,0.628571429,0.276190476,0.704761905,0.380952381,0.761904762,1,0,1,0.114285714,0.99047619,0.219047619,0.961904762,0.333333333,0.933333333,0.438095238,0.885714286,0.533333333,0.80952381,0.628571429,0.723809524,0.704761905,0.628571429,0.761904762,0.257142857,0.019047619,0.266666667,-0.00952381,0.171428571,-0.00952381,0.20952381,0.00952381,0.314285714,0.019047619,0.276190476,-0.019047619,0.361904762,0.00952381,0.266666667,-0.057142857,0.20952381,-0.047619048,0.323809524,-0.038095238,0.085714286,-0.114285714,0.152380952,-0.133333333,0.228571429,-0.142857143,0.304761905,-0.133333333,0.380952381,-0.133333333,0.142857143,-0.171428571,0.228571429,-0.19047619,0.314285714,-0.180952381,0.314285714,0.485714286,0.485714286,0.561904762,0.4,0.495238095,0.361904762,0.523809524,0.419047619,0.552380952,0.571428571,0.485714286,0.60952381,0.514285714,0.561904762,0.552380952,0.485714286,0.495238095,0.657142857,0.476190476,0.485714286,0.485714286,0.438095238,0.438095238,0.371428571,0.457142857,0.4,0.485714286,0.523809524,0.438095238,0.59047619,0.457142857,0.571428571,0.485714286,0.485714286,0.447619048,0.40952381,0.00952381,0.371428571,0.2,0.40952381,0.314285714,0.485714286,0.342857143,0.561904762,0.00952381,0.6,0.2,0.561904762,0.314285714,0.342857143,0.285714286,0.628571429,0.285714286,0.485714286,0.238095238,0.714285714,0.019047619,0.714285714,-0.00952381,0.619047619,0.00952381,0.666666667,0.019047619,0.771428571,0.00952381,0.714285714,-0.019047619,0.819047619,0,0.714285714,-0.057142857,0.657142857,-0.038095238,0.771428571,-0.047619048,0.580952381,-0.133333333,0.666666667,-0.133333333,0.742857143,-0.142857143,0.828571429,-0.123809524,0.895238095,-0.104761905,0.657142857,-0.19047619,0.752380952,-0.2,0.838095238,-0.171428571
0.488888889,0.8,0,0,0,0.111111111,0.022222222,0.222222222,0.044444444,0.333333333,0.077777778,0.433333333,0.133333333,0.533333333,0.2,0.622222222,0.277777778,0.7,0.366666667,0.777777778,1,0.011111111,0.988888889,0.122222222,0.977777778,0.222222222,0.944444444,0.333333333,0.911111111,0.444444444,0.855555556,0.533333333,0.788888889,0.622222222,0.711111111,0.7,0.611111111,0.766666667,0.266666667,0.044444444,0.266666667,0.011111111,0.166666667,0,0.211111111,0.033333333,0.322222222,0.044444444,0.277777778,0.011111111,0.366666667,0.033333333,0.266666667,-0.022222222,0.211111111,-0.022222222,0.322222222,-0.011111111,0.088888889,-0.122222222,0.155555556,-0.122222222,0.222222222,-0.122222222,0.3,-0.111111111,0.377777778,-0.1,0.144444444,-0.166666667,0.233333333,-0.177777778,0.311111111,-0.155555556,0.3,0.466666667,0.477777778,0.6,0.388888889,0.511111111,0.344444444,0.533333333,0.4,0.577777778,0.588888889,0.522222222,0.633333333,0.544444444,0.566666667,0.588888889,0.488888889,0.533333333,0.688888889,0.477777778,0.488888889,0.5,0.444444444,0.455555556,0.366666667,0.455555556,0.388888889,0.488888889,0.533333333,0.455555556,0.611111111,0.466666667,0.577777778,0.488888889,0.488888889,0.466666667,0.422222222,0.033333333,0.388888889,0.244444444,0.422222222,0.366666667,0.488888889,0.388888889,0.555555556,0.033333333,0.588888889,0.244444444,0.555555556,0.366666667,0.355555556,0.333333333,0.622222222,0.333333333,0.488888889,0.3,0.733333333,0.044444444,0.722222222,0.011111111,0.622222222,0.033333333,0.677777778,0.033333333,0.777777778,0.022222222,0.711111111,0,0.822222222,0,0.722222222,-0.033333333,0.666666667,-0.022222222,0.777777778,-0.033333333,0.622222222,-0.1,0.688888889,-0.111111111,0.766666667,-0.122222222,0.833333333,-0.133333333,0.9,-0.122222222,0.688888889,-0.155555556,0.755555556,-0.177777778,0.833333333,-0.177777778
0.5,0.808510638,0,0,0,0.106382979,0.010638298,0.223404255,0.042553191,0.329787234,0.074468085,0.436170213,0.127659574,0.531914894,0.20212766,0.627659574,0.287234043,0.70212766,0.382978723,0.776595745,1,0,1,0.106382979,0.989361702,0.223404255,0.957446809,0.329787234,0.925531915,0.436170213,0.861702128,0.531914894,0.79787234,0.617021277,0.723404255,0.70212766,0.627659574,0.776595745,0.234042553,0.021276596,0.244680851,-0.010638298,0.138297872,-0.021276596,0.180851064,0.010638298,0.287234043,0.021276596,0.255319149,-0.021276596,0.340425532,0.010638298,0.244680851,-0.053191489,0.191489362,-0.053191489,0.29787234,-0.042553191,0.063829787,-0.127659574,0.127659574,-0.138297872,0.20212766,-0.138297872,0.276595745,-0.127659574,0.361702128,-0.127659574,0.127659574,-0.191489362,0.20212766,-0.191489362,0.287234043,-0.180851064,0.276595745,0.446808511,0.5,0.606382979,0.372340426,0.521276596,0.329787234,0.521276596,0.393617021,0.585106383,0.617021277,0.521276596,0.670212766,0.521276596,0.595744681,0.585106383,0.5,0.553191489,0.712765957,0.446808511,0.489361702,0.478723404,0.446808511,0.446808511,0.361702128,0.446808511,0.382978723,0.468085106,0.542553191,0.446808511,0.627659574,0.446808511,0.606382979,0.468085106,0.489361702,0.446808511,0.436170213,0.021276596,0.393617021,0.234042553,0.425531915,0.35106383,0.489361702,0.372340426,0.563829787,0.031914894,0.595744681,0.234042553,0.563829787,0.35106383,0.361702128,0.308510638,0.617021277,0.319148936,0.5,0.308510638,0.744680851,0.021276596,0.744680851,0,0.64893617,0.010638298,0.691489362,0.021276596,0.79787234,0.010638298,0.734042553,-0.021276596,0.840425532,-0.010638298,0.734042553,-0.042553191,0.691489362,-0.031914894,0.79787234,-0.042553191,0.617021277,-0.117021277,0.691489362,-0.117021277,0.776595745,-0.117021277,0.85106383,-0.106382979,0.925531915,-0.095744681,0.691489362,-0.159574468,0.776595745,-0.170212766,0.861702128,-0.159574468
0.505154639,0.793814433,0,0,0,0.113402062,0.010309278,0.226804124,0.030927835,0.340206186,0.06185567,0.453608247,0.113402062,0.546391753,0.18556701,0.639175258,0.278350515,0.711340206,0.381443299,0.762886598,1,0,1.010309278,0.113402062,1,0.226804124,0.979381443,0.340206186,0.948453608,0.453608247,0.896907216,0.556701031,0.824742268,0.639175258,0.742268041,0.711340206,0.639175258,0.773195876,0.257731959,0.020618557,0.257731959,-0.010309278,0.175257732,-0.020618557,0.206185567,0.010309278,0.309278351,0.020618557,0.268041237,-0.010309278,0.350515464,0.010309278,0.257731959,-0.041237113,0.216494845,-0.041237113,0.309278351,-0.030927835,0.103092784,-0.134020619,0.164948454,-0.144329897,0.226804124,-0.134020619,0.288659794,-0.12371134,0.360824742,-0.12371134,0.154639175,-0.18556701,0.226804124,-0.18556701,0.298969072,-0.164948454,0.319587629,0.515463918,0.505154639,0.587628866,0.412371134,0.515463918,0.371134021,0.556701031,0.432989691,0.577319588,0.587628866,0.515463918,0.639175258,0.546391753,0.577319588,0.577319588,0.505154639,0.525773196,0.690721649,0.505154639,0.494845361,0.525773196,0.453608247,0.474226804,0.381443299,0.494845361,0.412371134,0.515463918,0.546391753,0.463917526,0.618556701,0.484536082,0.597938144,0.515463918,0.494845361,0.484536082,0.412371134,0.020618557,0.371134021,0.226804124,0.412371134,0.350515464,0.484536082,0.371134021,0.556701031,0.020618557,0.597938144,0.226804124,0.556701031,0.350515464,0.340206186,0.319587629,0.628865979,0.319587629,0.484536082,0.268041237,0.701030928,0.030927835,0.701030928,0,0.608247423,0.020618557,0.659793814,0.030927835,0.75257732,0.020618557,0.690721649,-0.010309278,0.783505155,0,0.701030928,-0.041237113,0.649484536,-0.020618557,0.75257732,-0.030927835,0.597938144,-0.12371134,0.659793814,-0.12371134,0.721649485,-0.134020619,0.783505155,-0.144329897,0.835051546,-0.134020619,0.649484536,-0.164948454,0.721649485,-0.18556701,0.783505155,-0.18556701
0.494505495,0.769230769,0,0,0,0.10989011,0.010989011,0.21978022,0.032967033,0.32967033,0.054945055,0.43956044,0.10989011,0.527472527,0.175824176,0.615384615,0.263736264,0.692307692,0.362637363,0.747252747,1,-0.010989011,1.010989011,0.10989011,1,0.21978022,0.978021978,0.32967033,0.945054945,0.43956044,0.89010989,0.538461538,0.813186813,0.626373626,0.725274725,0.692307692,0.615384615,0.758241758,0.252747253,0.010989011,0.263736264,-0.010989011,0.175824176,-0.021978022,0.208791209,0,0.307692308,0.010989011,0.263736264,-0.021978022,0.351648352,0,0.263736264,-0.043956044,0.208791209,-0.043956044,0.307692308,-0.032967033,0.120879121,-0.153846154,0.175824176,-0.153846154,0.241758242,-0.153846154,0.307692308,-0.142857143,0.373626374,-0.142857143,0.164835165,-0.197802198,0.241758242,-0.208791209,0.307692308,-0.197802198,0.307692308,0.472527473,0.472527473,0.56043956,0.395604396,0.483516484,0.351648352,0.516483516,0.406593407,0.549450549,0.56043956,0.483516484,0.604395604,0.516483516,0.549450549,0.549450549,0.472527473,0.494505495,0.648351648,0.472527473,0.472527473,0.483516484,0.428571429,0.417582418,0.362637363,0.450549451,0.395604396,0.483516484,0.516483516,0.417582418,0.582417582,0.43956044,0.56043956,0.472527473,0.472527473,0.43956044,0.417582418,0.010989011,0.384615385,0.197802198,0.417582418,0.318681319,0.483516484,0.32967033,0.56043956,0.010989011,0.582417582,0.208791209,0.549450549,0.318681319,0.351648352,0.285714286,0.615384615,0.285714286,0.472527473,0.241758242,0.714285714,0.021978022,0.714285714,0,0.626373626,0.010989011,0.67032967,0.021978022,0.769230769,0.010989011,0.714285714,-0.010989011,0.802197802,-0.010989011,0.714285714,-0.043956044,0.659340659,-0.021978022,0.758241758,-0.032967033,0.582417582,-0.142857143,0.659340659,-0.142857143,0.725274725,-0.153846154,0.791208791,-0.142857143,0.857142857,-0.142857143,0.648351648,-0.197802198,0.725274725,-0.208791209,0.802197802,-0.186813187
0.4921875,0.8125,0,0,0,0.109375,0.0078125,0.2265625,0.03125,0.3359375,0.0625,0.4453125,0.1171875,0.546875,0.1875,0.640625,0.2734375,0.71875,0.3671875,0.78125,1,-0.0078125,1,0.1015625,0.9921875,0.21875,0.9765625,0.3359375,0.9375,0.4453125,0.875,0.546875,0.8046875,0.640625,0.71875,0.71875,0.6171875,0.78125,0.2421875,0.0234375,0.2421875,-0.0078125,0.1484375,-0.015625,0.1875,0.0078125,0.296875,0.015625,0.25,-0.0234375,0.34375,0.0078125,0.25,-0.0546875,0.1953125,-0.046875,0.3046875,-0.0390625,0.0625,-0.125,0.1328125,-0.1328125,0.203125,-0.125,0.28125,-0.109375,0.359375,-0.1015625,0.1328125,-0.1796875,0.2109375,-0.1796875,0.296875,-0.15625,0.2734375,0.4296875,0.4921875,0.5703125,0.3671875,0.484375,0.3203125,0.5,0.390625,0.546875,0.609375,0.4765625,0.6640625,0.484375,0.59375,0.546875,0.484375,0.5078125,0.71875,0.4140625,0.484375,0.4453125,0.4375,0.40625,0.3515625,0.4140625,0.375,0.4375,0.53125,0.40625,0.625,0.40625,0.6015625,0.4296875,0.484375,0.4140625,0.3984375,0.03125,0.3671875,0.21875,0.3984375,0.3359375,0.4765625,0.359375,0.5546875,0.0234375,0.59375,0.2109375,0.5625,0.328125,0.3359375,0.296875,0.6328125,0.2890625,0.46875,0.28125,0.71875,0.015625,0.71875,-0.015625,0.6171875,0.0078125,0.6640625,0.015625,0.7734375,0,0.7109375,-0.0234375,0.8203125,-0.015625,0.7109375,-0.0546875,0.65625,-0.03125,0.765625,-0.046875,0.578125,-0.1015625,0.65625,-0.109375,0.7421875,-0.125,0.8203125,-0.125,0.890625,-0.125,0.6484375,-0.15625,0.734375,-0.1796875,0.8203125,-0.171875
0.47311828,0.752688172,0,0,0.010752688,0.107526882,0.021505376,0.215053763,0.043010753,0.311827957,0.086021505,0.408602151,0.129032258,0.505376344,0.204301075,0.580645161,0.268817204,0.666666667,0.365591398,0.731182796,1,0,0.989247312,0.107526882,0.978494624,0.215053763,0.956989247,0.322580645,0.913978495,0.419354839,0.849462366,0.516129032,0.774193548,0.591397849,0.688172043,0.666666667,0.591397849,0.731182796,0.23655914,0.032258065,0.247311828,0.010752688,0.150537634,0,0.193548387,0.021505376,0.290322581,0.032258065,0.247311828,0,0.333333333,0.032258065,0.247311828,-0.032258065,0.193548387,-0.021505376,0.301075269,-0.010752688,0.086021505,-0.107526882,0.150537634,-0.11827957,0.215053763,-0.107526882,0.290322581,-0.096774194,0.365591398,-0.096774194,0.139784946,-0.161290323,0.225806452,-0.161290323,0.301075269,-0.139784946,0.290322581,0.430107527,0.47311828,0.537634409,0.376344086,0.483870968,0.333333333,0.483870968,0.397849462,0.516129032,0.591397849,0.483870968,0.623655914,0.483870968,0.559139785,0.52688172,0.47311828,0.494623656,0.677419355,0.440860215,0.47311828,0.440860215,0.430107527,0.408602151,0.35483871,0.419354839,0.376344086,0.430107527,0.516129032,0.408602151,0.602150538,0.419354839,0.580645161,0.430107527,0.47311828,0.419354839,0.408602151,0.032258065,0.376344086,0.215053763,0.408602151,0.322580645,0.483870968,0.344086022,0.548387097,0.021505376,0.580645161,0.204301075,0.548387097,0.322580645,0.35483871,0.290322581,0.612903226,0.279569892,0.47311828,0.268817204,0.709677419,0.043010753,0.698924731,0.010752688,0.602150538,0.032258065,0.655913978,0.043010753,0.752688172,0.032258065,0.688172043,0.010752688,0.795698925,0.010752688,0.698924731,-0.021505376,0.64516129,-0.010752688,0.752688172,-0.010752688,0.591397849,-0.107526882,0.666666667,-0.107526882,0.741935484,-0.11827957,0.817204301,-0.107526882,0.892473118,-0.096774194,0.666666667,-0.161290323,0.752688172,-0.172043011,0.827956989,-0.150537634
0.489361702,0.776595745,0,0,0,0.117021277,0.010638298,0.223404255,0.031914894,0.329787234,0.074468085,0.425531915,0.127659574,0.521276596,0.20212766,0.606382979,0.276595745,0.680851064,0.372340426,0.744680851,1,0,1,0.117021277,0.978723404,0.223404255,0.957446809,0.329787234,0.914893617,0.425531915,0.861702128,0.521276596,0.787234043,0.606382979,0.70212766,0.680851064,0.617021277,0.744680851,0.244680851,0.021276596,0.244680851,0,0.14893617,-0.010638298,0.191489362,0.010638298,0.29787234,0.021276596,0.255319149,-0.010638298,0.340425532,0.010638298,0.255319149,-0.042553191,0.191489362,-0.031914894,0.308510638,-0.031914894,0.063829787,-0.117021277,0.127659574,-0.127659574,0.191489362,-0.127659574,0.276595745,-0.127659574,0.35106383,-0.127659574,0.117021277,-0.170212766,0.191489362,-0.180851064,0.276595745,-0.170212766,0.276595745,0.404255319,0.489361702,0.553191489,0.372340426,0.478723404,0.319148936,0.478723404,0.393617021,0.531914894,0.595744681,0.478723404,0.64893617,0.478723404,0.585106383,0.531914894,0.489361702,0.510638298,0.691489362,0.414893617,0.489361702,0.446808511,0.446808511,0.414893617,0.361702128,0.414893617,0.382978723,0.425531915,0.531914894,0.414893617,0.617021277,0.414893617,0.595744681,0.436170213,0.489361702,0.425531915,0.414893617,0.031914894,0.382978723,0.223404255,0.414893617,0.35106383,0.489361702,0.372340426,0.563829787,0.021276596,0.606382979,0.223404255,0.574468085,0.340425532,0.35106383,0.308510638,0.638297872,0.29787234,0.478723404,0.29787234,0.734042553,0.021276596,0.723404255,-0.010638298,0.627659574,0.010638298,0.680851064,0.021276596,0.787234043,0.010638298,0.712765957,-0.021276596,0.829787234,-0.010638298,0.723404255,-0.063829787,0.670212766,-0.042553191,0.776595745,-0.053191489,0.606382979,-0.127659574,0.691489362,-0.127659574,0.765957447,-0.138297872,0.840425532,-0.127659574,0.914893617,-0.106382979,0.680851064,-0.180851064,0.765957447,-0.191489362,0.85106383,-0.170212766
0.482014388,0.776978417,0,0,0.007194245,0.107913669,0.021582734,0.215827338,0.043165468,0.323741007,0.071942446,0.424460432,0.122302158,0.517985612,0.194244604,0.604316547,0.26618705,0.683453237,0.35971223,0.748201439,1,0,0.992805755,0.107913669,0.978417266,0.215827338,0.956834532,0.330935252,0.920863309,0.431654676,0.863309353,0.532374101,0.791366906,0.618705036,0.705035971,0.690647482,0.604316547,0.755395683,0.251798561,0.043165468,0.258992806,0.007194245,0.158273381,0,0.194244604,0.028776978,0.309352518,0.043165468,0.273381295,0,0.35971223,0.028776978,0.258992806,-0.035971223,0.201438849,-0.028776978,0.316546763,-0.014388489,0.057553957,-0.115107914,0.122302158,-0.122302158,0.201438849,-0.122302158,0.28057554,-0.107913669,0.35971223,-0.107913669,0.122302158,-0.172661871,0.201438849,-0.179856115,0.287769784,-0.158273381,0.302158273,0.467625899,0.474820144,0.582733813,0.388489209,0.496402878,0.345323741,0.525179856,0.395683453,0.568345324,0.561151079,0.503597122,0.604316547,0.525179856,0.54676259,0.568345324,0.474820144,0.510791367,0.647482014,0.474820144,0.467625899,0.503597122,0.424460432,0.45323741,0.366906475,0.460431655,0.388489209,0.489208633,0.510791367,0.45323741,0.582733813,0.467625899,0.553956835,0.496402878,0.467625899,0.467625899,0.402877698,0.028776978,0.366906475,0.223021583,0.402877698,0.338129496,0.467625899,0.35971223,0.539568345,0.028776978,0.575539568,0.223021583,0.539568345,0.338129496,0.338129496,0.309352518,0.611510791,0.309352518,0.467625899,0.26618705,0.697841727,0.035971223,0.697841727,0.007194245,0.589928058,0.028776978,0.64028777,0.035971223,0.755395683,0.021582734,0.683453237,-0.007194245,0.798561151,0,0.690647482,-0.043165468,0.633093525,-0.021582734,0.748201439,-0.028776978,0.553956835,-0.107913669,0.647482014,-0.115107914,0.73381295,-0.129496403,0.81294964,-0.129496403,0.892086331,-0.122302158,0.633093525,-0.165467626,0.726618705,-0.18705036,0.820143885,-0.179856115
0.495798319,0.798319328,0,0,0,0.109243697,0.008403361,0.218487395,0.033613445,0.336134454,0.067226891,0.43697479,0.117647059,0.537815126,0.18487395,0.630252101,0.268907563,0.714285714,0.369747899,0.773109244,1,0,0.991596639,0.109243697,0.983193277,0.218487395,0.957983193,0.336134454,0.924369748,0.43697479,0.865546218,0.537815126,0.798319328,0.621848739,0.714285714,0.705882353,0.621848739,0.773109244,0.260504202,0.025210084,0.268907563,0,0.168067227,-0.008403361,0.210084034,0.016806723,0.319327731,0.025210084,0.277310924,-0.008403361,0.361344538,0.008403361,0.268907563,-0.042016807,0.218487395,-0.033613445,0.319327731,-0.025210084,0.092436975,-0.134453782,0.151260504,-0.134453782,0.218487395,-0.134453782,0.294117647,-0.12605042,0.369747899,-0.12605042,0.142857143,-0.18487395,0.226890756,-0.193277311,0.302521008,-0.176470588,0.285714286,0.445378151,0.495798319,0.56302521,0.394957983,0.487394958,0.344537815,0.504201681,0.411764706,0.546218487,0.605042017,0.487394958,0.655462185,0.504201681,0.588235294,0.546218487,0.495798319,0.504201681,0.714285714,0.453781513,0.495798319,0.495798319,0.453781513,0.453781513,0.369747899,0.453781513,0.394957983,0.478991597,0.546218487,0.453781513,0.630252101,0.453781513,0.605042017,0.478991597,0.495798319,0.462184874,0.420168067,0.025210084,0.378151261,0.226890756,0.411764706,0.352941176,0.495798319,0.378151261,0.571428571,0.025210084,0.605042017,0.226890756,0.571428571,0.352941176,0.344537815,0.31092437,0.638655462,0.31092437,0.495798319,0.294117647,0.731092437,0.033613445,0.722689076,0.008403361,0.630252101,0.025210084,0.680672269,0.033613445,0.781512605,0.025210084,0.714285714,0,0.823529412,0,0.722689076,-0.025210084,0.672268908,-0.016806723,0.773109244,-0.025210084,0.613445378,-0.117647059,0.68907563,-0.117647059,0.764705882,-0.12605042,0.831932773,-0.12605042,0.899159664,-0.12605042,0.680672269,-0.168067227,0.756302521,-0.18487395,0.840336134,-0.176470588
0.511450382,0.748091603,0,0,0,0.106870229,0.007633588,0.221374046,0.030534351,0.328244275,0.053435115,0.435114504,0.106870229,0.534351145,0.183206107,0.618320611,0.282442748,0.679389313,0.389312977,0.732824427,1,-0.007633588,1,0.106870229,0.992366412,0.213740458,0.977099237,0.320610687,0.954198473,0.427480916,0.900763359,0.526717557,0.832061069,0.610687023,0.740458015,0.679389313,0.641221374,0.72519084,0.27480916,0.015267176,0.27480916,-0.015267176,0.190839695,-0.015267176,0.229007634,0.007633588,0.328244275,0.007633588,0.282442748,-0.022900763,0.366412214,0,0.282442748,-0.053435115,0.229007634,-0.045801527,0.328244275,-0.038167939,0.099236641,-0.106870229,0.167938931,-0.122137405,0.236641221,-0.129770992,0.305343511,-0.122137405,0.381679389,-0.129770992,0.152671756,-0.160305344,0.229007634,-0.175572519,0.312977099,-0.167938931,0.312977099,0.427480916,0.496183206,0.526717557,0.404580153,0.450381679,0.358778626,0.480916031,0.419847328,0.511450382,0.58778626,0.450381679,0.633587786,0.480916031,0.572519084,0.511450382,0.496183206,0.465648855,0.679389313,0.427480916,0.496183206,0.435114504,0.450381679,0.381679389,0.374045802,0.404580153,0.404580153,0.427480916,0.534351145,0.381679389,0.610687023,0.404580153,0.58778626,0.427480916,0.496183206,0.396946565,0.41221374,0.015267176,0.381679389,0.175572519,0.41221374,0.290076336,0.496183206,0.305343511,0.564885496,0.015267176,0.603053435,0.175572519,0.572519084,0.282442748,0.351145038,0.251908397,0.633587786,0.251908397,0.488549618,0.221374046,0.717557252,0.015267176,0.717557252,-0.007633588,0.625954198,0,0.664122137,0.015267176,0.763358779,0.007633588,0.709923664,-0.015267176,0.801526718,-0.007633588,0.709923664,-0.045801527,0.664122137,-0.038167939,0.763358779,-0.038167939,0.618320611,-0.114503817,0.687022901,-0.106870229,0.763358779,-0.114503817,0.832061069,-0.114503817,0.893129771,-0.099236641,0.687022901,-0.152671756,0.763358779,-0.167938931,0.839694656,-0.152671756
0.505494505,0.791208791,0,0,0.010989011,0.10989011,0.021978022,0.21978022,0.043956044,0.32967033,0.087912088,0.428571429,0.131868132,0.527472527,0.208791209,0.615384615,0.285714286,0.703296703,0.384615385,0.769230769,1,0,0.989010989,0.10989011,0.978021978,0.21978022,0.945054945,0.32967033,0.912087912,0.428571429,0.857142857,0.527472527,0.791208791,0.615384615,0.714285714,0.703296703,0.626373626,0.769230769,0.263736264,0.032967033,0.263736264,0.010989011,0.164835165,0,0.208791209,0.021978022,0.307692308,0.032967033,0.274725275,0,0.362637363,0.032967033,0.274725275,-0.043956044,0.208791209,-0.032967033,0.32967033,-0.021978022,0.087912088,-0.10989011,0.164835165,-0.10989011,0.241758242,-0.10989011,0.318681319,-0.087912088,0.406593407,-0.087912088,0.164835165,-0.164835165,0.252747253,-0.164835165,0.32967033,-0.142857143,0.307692308,0.461538462,0.516483516,0.571428571,0.406593407,0.494505495,0.362637363,0.516483516,0.428571429,0.549450549,0.615384615,0.494505495,0.659340659,0.505494505,0.604395604,0.549450549,0.516483516,0.516483516,0.714285714,0.450549451,0.516483516,0.505494505,0.472527473,0.461538462,0.395604396,0.461538462,0.417582418,0.483516484,0.56043956,0.461538462,0.637362637,0.461538462,0.615384615,0.483516484,0.516483516,0.472527473,0.43956044,0.043956044,0.406593407,0.241758242,0.43956044,0.362637363,0.505494505,0.384615385,0.571428571,0.043956044,0.604395604,0.241758242,0.571428571,0.362637363,0.373626374,0.318681319,0.637362637,0.32967033,0.516483516,0.307692308,0.747252747,0.043956044,0.736263736,0.010989011,0.648351648,0.043956044,0.692307692,0.043956044,0.791208791,0.021978022,0.725274725,0,0.835164835,0,0.725274725,-0.043956044,0.67032967,-0.021978022,0.791208791,-0.032967033,0.604395604,-0.087912088,0.681318681,-0.098901099,0.758241758,-0.120879121,0.835164835,-0.120879121,0.901098901,-0.120879121,0.67032967,-0.142857143,0.747252747,-0.175824176,0.835164835,-0.164835165
0.506756757,0.783783784,0,0,0.006756757,0.114864865,0.013513514,0.222972973,0.040540541,0.331081081,0.067567568,0.439189189,0.121621622,0.540540541,0.195945946,0.621621622,0.277027027,0.702702703,0.378378378,0.763513514,1,-0.006756757,0.993243243,0.101351351,0.97972973,0.209459459,0.959459459,0.317567568,0.918918919,0.425675676,0.871621622,0.52027027,0.804054054,0.608108108,0.722972973,0.689189189,0.628378378,0.756756757,0.256756757,0.033783784,0.263513514,0,0.162162162,-0.006756757,0.209459459,0.02027027,0.317567568,0.033783784,0.277027027,-0.006756757,0.364864865,0.02027027,0.263513514,-0.040540541,0.209459459,-0.033783784,0.324324324,-0.02027027,0.081081081,-0.135135135,0.148648649,-0.141891892,0.222972973,-0.141891892,0.297297297,-0.128378378,0.378378378,-0.128378378,0.141891892,-0.189189189,0.222972973,-0.202702703,0.310810811,-0.182432432,0.304054054,0.472972973,0.493243243,0.587837838,0.398648649,0.5,0.351351351,0.527027027,0.412162162,0.567567568,0.587837838,0.506756757,0.641891892,0.527027027,0.574324324,0.567567568,0.493243243,0.513513514,0.695945946,0.472972973,0.493243243,0.506756757,0.445945946,0.459459459,0.371621622,0.466216216,0.398648649,0.493243243,0.533783784,0.459459459,0.614864865,0.466216216,0.587837838,0.5,0.493243243,0.466216216,0.425675676,0.027027027,0.391891892,0.222972973,0.425675676,0.337837838,0.493243243,0.358108108,0.560810811,0.02027027,0.594594595,0.222972973,0.567567568,0.337837838,0.358108108,0.304054054,0.628378378,0.304054054,0.493243243,0.277027027,0.736486486,0.027027027,0.72972973,0,0.628378378,0.02027027,0.682432432,0.027027027,0.790540541,0.013513514,0.722972973,-0.013513514,0.837837838,-0.006756757,0.722972973,-0.047297297,0.668918919,-0.027027027,0.790540541,-0.040540541,0.574324324,-0.128378378,0.662162162,-0.135135135,0.75,-0.148648649,0.831081081,-0.148648649,0.912162162,-0.141891892,0.648648649,-0.189189189,0.743243243,-0.209459459,0.837837838,-0.202702703
0.494736842,0.768421053,0,0,0,0.105263158,0.010526316,0.221052632,0.031578947,0.326315789,0.063157895,0.431578947,0.115789474,0.526315789,0.189473684,0.610526316,0.273684211,0.684210526,0.378947368,0.747368421,1,-0.010526316,1,0.105263158,0.989473684,0.210526316,0.968421053,0.315789474,0.936842105,0.431578947,0.884210526,0.526315789,0.810526316,0.610526316,0.726315789,0.684210526,0.621052632,0.747368421,0.252631579,0.031578947,0.252631579,0,0.168421053,0,0.2,0.021052632,0.305263158,0.031578947,0.263157895,-0.010526316,0.347368421,0.021052632,0.252631579,-0.042105263,0.2,-0.031578947,0.315789474,-0.031578947,0.105263158,-0.147368421,0.168421053,-0.157894737,0.231578947,-0.157894737,0.294736842,-0.147368421,0.368421053,-0.147368421,0.157894737,-0.2,0.231578947,-0.210526316,0.305263158,-0.189473684,0.294736842,0.484210526,0.473684211,0.568421053,0.389473684,0.494736842,0.347368421,0.526315789,0.4,0.557894737,0.568421053,0.494736842,0.621052632,0.526315789,0.557894737,0.557894737,0.473684211,0.494736842,0.673684211,0.484210526,0.473684211,0.494736842,0.421052632,0.442105263,0.357894737,0.463157895,0.389473684,0.494736842,0.526315789,0.431578947,0.6,0.452631579,0.578947368,0.484210526,0.473684211,0.452631579,0.421052632,0.021052632,0.378947368,0.2,0.410526316,0.315789474,0.484210526,0.336842105,0.557894737,0.010526316,0.589473684,0.2,0.557894737,0.315789474,0.347368421,0.284210526,0.621052632,0.284210526,0.484210526,0.231578947,0.715789474,0.021052632,0.705263158,-0.010526316,0.610526316,0.010526316,0.663157895,0.021052632,0.757894737,0.010526316,0.694736842,-0.021052632,0.8,-0.010526316,0.705263158,-0.052631579,0.652631579,-0.031578947,0.757894737,-0.042105263,0.589473684,-0.136842105,0.663157895,-0.136842105,0.736842105,-0.147368421,0.810526316,-0.147368421,0.873684211,-0.136842105,0.652631579,-0.189473684,0.736842105,-0.2,0.810526316,-0.189473684
0.504761905,0.80952381,0,0,0,0.114285714,0,0.238095238,0.019047619,0.352380952,0.038095238,0.466666667,0.095238095,0.580952381,0.171428571,0.666666667,0.266666667,0.742857143,0.380952381,0.79047619,1,0.00952381,1,0.123809524,1,0.238095238,0.980952381,0.352380952,0.952380952,0.466666667,0.904761905,0.571428571,0.838095238,0.666666667,0.742857143,0.733333333,0.638095238,0.79047619,0.276190476,0,0.276190476,-0.019047619,0.19047619,-0.019047619,0.228571429,0,0.323809524,0,0.285714286,-0.028571429,0.361904762,-0.00952381,0.276190476,-0.057142857,0.228571429,-0.047619048,0.323809524,-0.047619048,0.114285714,-0.123809524,0.180952381,-0.133333333,0.257142857,-0.142857143,0.323809524,-0.133333333,0.4,-0.133333333,0.180952381,-0.180952381,0.257142857,-0.19047619,0.333333333,-0.180952381,0.323809524,0.466666667,0.504761905,0.552380952,0.40952381,0.495238095,0.371428571,0.514285714,0.428571429,0.542857143,0.6,0.495238095,0.638095238,0.514285714,0.580952381,0.542857143,0.504761905,0.495238095,0.685714286,0.466666667,0.504761905,0.466666667,0.457142857,0.428571429,0.39047619,0.447619048,0.419047619,0.466666667,0.552380952,0.428571429,0.619047619,0.438095238,0.6,0.466666667,0.504761905,0.438095238,0.428571429,0,0.4,0.19047619,0.438095238,0.304761905,0.504761905,0.323809524,0.571428571,0,0.6,0.2,0.571428571,0.304761905,0.371428571,0.276190476,0.628571429,0.276190476,0.504761905,0.228571429,0.723809524,0.00952381,0.723809524,-0.00952381,0.628571429,-0.00952381,0.676190476,0,0.771428571,0.00952381,0.714285714,-0.019047619,0.819047619,-0.00952381,0.714285714,-0.047619048,0.666666667,-0.038095238,0.771428571,-0.038095238,0.6,-0.152380952,0.676190476,-0.142857143,0.761904762,-0.142857143,0.828571429,-0.123809524,0.904761905,-0.104761905,0.676190476,-0.19047619,0.761904762,-0.19047619,0.847619048,-0.171428571
0.482352941,0.776470588,0,0,0,0.105882353,0.011764706,0.211764706,0.023529412,0.329411765,0.058823529,0.435294118,0.105882353,0.529411765,0.176470588,0.611764706,0.258823529,0.694117647,0.364705882,0.752941176,1,0,1,0.105882353,0.988235294,0.223529412,0.976470588,0.329411765,0.941176471,0.447058824,0.882352941,0.541176471,0.811764706,0.623529412,0.717647059,0.694117647,0.611764706,0.752941176,0.247058824,0.011764706,0.247058824,-0.011764706,0.152941176,-0.023529412,0.2,0,0.294117647,0,0.247058824,-0.023529412,0.341176471,0,0.247058824,-0.058823529,0.2,-0.047058824,0.305882353,-0.035294118,0.082352941,-0.117647059,0.152941176,-0.129411765,0.235294118,-0.129411765,0.317647059,-0.117647059,0.4,-0.117647059,0.152941176,-0.164705882,0.235294118,-0.176470588,0.329411765,-0.164705882,0.270588235,0.423529412,0.458823529,0.541176471,0.364705882,0.458823529,0.317647059,0.482352941,0.376470588,0.529411765,0.564705882,0.458823529,0.623529412,0.494117647,0.552941176,0.529411765,0.458823529,0.470588235,0.682352941,0.435294118,0.458823529,0.458823529,0.411764706,0.4,0.341176471,0.411764706,0.364705882,0.447058824,0.505882353,0.411764706,0.6,0.423529412,0.564705882,0.447058824,0.458823529,0.423529412,0.4,0.011764706,0.364705882,0.176470588,0.388235294,0.294117647,0.458823529,0.317647059,0.552941176,0.011764706,0.576470588,0.188235294,0.541176471,0.294117647,0.329411765,0.258823529,0.6,0.270588235,0.470588235,0.235294118,0.705882353,0.011764706,0.705882353,-0.011764706,0.623529412,0,0.658823529,0.011764706,0.764705882,0,0.705882353,-0.023529412,0.8,-0.011764706,0.705882353,-0.047058824,0.658823529,-0.035294118,0.752941176,-0.035294118,0.576470588,-0.117647059,0.647058824,-0.117647059,0.729411765,-0.129411765,0.8,-0.117647059,0.870588235,-0.117647059,0.647058824,-0.164705882,0.717647059,-0.176470588,0.8,-0.164705882
0.514018692,0.803738318,0,0,0,0.112149533,0.009345794,0.224299065,0.037383178,0.336448598,0.065420561,0.448598131,0.121495327,0.551401869,0.196261682,0.635514019,0.280373832,0.719626168,0.38317757,0.785046729,1,-0.009345794,1,0.112149533,0.990654206,0.214953271,0.962616822,0.327102804,0.934579439,0.439252336,0.878504673,0.53271028,0.813084112,0.626168224,0.738317757,0.710280374,0.635514019,0.775700935,0.252336449,0.037383178,0.261682243,0.009345794,0.168224299,0.009345794,0.205607477,0.028037383,0.308411215,0.028037383,0.261682243,-0.009345794,0.355140187,0.028037383,0.261682243,-0.037383178,0.205607477,-0.028037383,0.317757009,-0.018691589,0.102803738,-0.121495327,0.168224299,-0.130841121,0.23364486,-0.140186916,0.308411215,-0.140186916,0.38317757,-0.140186916,0.158878505,-0.177570093,0.23364486,-0.196261682,0.317757009,-0.186915888,0.327102804,0.485981308,0.514018692,0.598130841,0.420560748,0.514018692,0.373831776,0.542056075,0.429906542,0.579439252,0.607476636,0.514018692,0.644859813,0.542056075,0.588785047,0.579439252,0.514018692,0.523364486,0.700934579,0.495327103,0.514018692,0.504672897,0.46728972,0.457943925,0.392523364,0.46728972,0.420560748,0.495327103,0.560747664,0.457943925,0.626168224,0.476635514,0.607476636,0.495327103,0.514018692,0.46728972,0.439252336,0.028037383,0.411214953,0.214953271,0.439252336,0.327102804,0.514018692,0.345794393,0.579439252,0.028037383,0.607476636,0.214953271,0.579439252,0.327102804,0.38317757,0.299065421,0.644859813,0.299065421,0.514018692,0.252336449,0.747663551,0.028037383,0.738317757,0,0.644859813,0.018691589,0.691588785,0.028037383,0.794392523,0.018691589,0.728971963,-0.009345794,0.831775701,0,0.738317757,-0.046728972,0.682242991,-0.028037383,0.794392523,-0.037383178,0.61682243,-0.158878505,0.691588785,-0.158878505,0.76635514,-0.158878505,0.841121495,-0.158878505,0.906542056,-0.140186916,0.691588785,-0.205607477,0.76635514,-0.224299065,0.85046729,-0.205607477
0.495238095,0.79047619,0,0,0.00952381,0.104761905,0.019047619,0.219047619,0.038095238,0.323809524,0.076190476,0.428571429,0.133333333,0.533333333,0.2,0.619047619,0.276190476,0.695238095,0.371428571,0.761904762,1,0.00952381,1,0.114285714,0.980952381,0.228571429,0.961904762,0.333333333,0.923809524,0.438095238,0.866666667,0.533333333,0.8,0.619047619,0.714285714,0.695238095,0.628571429,0.761904762,0.238095238,0.028571429,0.247619048,0,0.152380952,0,0.19047619,0.019047619,0.295238095,0.028571429,0.257142857,-0.00952381,0.342857143,0.019047619,0.247619048,-0.047619048,0.2,-0.038095238,0.304761905,-0.028571429,0.066666667,-0.114285714,0.133333333,-0.133333333,0.2,-0.142857143,0.276190476,-0.133333333,0.352380952,-0.142857143,0.123809524,-0.180952381,0.2,-0.2,0.285714286,-0.19047619,0.285714286,0.466666667,0.514285714,0.580952381,0.4,0.504761905,0.342857143,0.523809524,0.419047619,0.561904762,0.619047619,0.504761905,0.657142857,0.514285714,0.6,0.561904762,0.514285714,0.523809524,0.714285714,0.457142857,0.504761905,0.495238095,0.457142857,0.457142857,0.371428571,0.457142857,0.4,0.485714286,0.552380952,0.447619048,0.638095238,0.457142857,0.60952381,0.485714286,0.504761905,0.466666667,0.419047619,0.028571429,0.380952381,0.20952381,0.419047619,0.333333333,0.495238095,0.361904762,0.571428571,0.028571429,0.60952381,0.20952381,0.571428571,0.333333333,0.342857143,0.295238095,0.638095238,0.295238095,0.495238095,0.276190476,0.761904762,0.038095238,0.752380952,0.00952381,0.666666667,0.028571429,0.704761905,0.038095238,0.80952381,0.019047619,0.742857143,0,0.847619048,0,0.752380952,-0.038095238,0.695238095,-0.019047619,0.8,-0.028571429,0.638095238,-0.123809524,0.704761905,-0.123809524,0.780952381,-0.133333333,0.847619048,-0.133333333,0.904761905,-0.123809524,0.695238095,-0.180952381,0.771428571,-0.19047619,0.847619048,-0.180952381
0.49,0.78,0,0,0,0.11,0.01,0.22,0.02,0.33,0.05,0.44,0.11,0.54,0.18,0.62,0.27,0.7,0.37,0.76,1,0,1.01,0.11,1,0.22,0.98,0.33,0.94,0.44,0.89,0.54,0.81,0.63,0.72,0.7,0.62,0.76,0.24,0.03,0.24,0,0.16,0,0.19,0.02,0.28,0.03,0.25,-0.01,0.33,0.02,0.24,-0.04,0.19,-0.03,0.29,-0.02,0.1,-0.13,0.15,-0.14,0.21,-0.14,0.28,-0.13,0.34,-0.13,0.15,-0.18,0.21,-0.19,0.28,-0.17,0.27,0.46,0.49,0.59,0.38,0.5,0.33,0.52,0.39,0.57,0.6,0.49,0.66,0.51,0.59,0.56,0.49,0.52,0.71,0.44,0.49,0.5,0.44,0.45,0.35,0.45,0.38,0.48,0.53,0.44,0.62,0.44,0.6,0.48,0.49,0.46,0.39,0.02,0.36,0.21,0.39,0.32,0.47,0.34,0.55,0.02,0.58,0.2,0.55,0.32,0.33,0.29,0.62,0.29,0.47,0.25,0.72,0.03,0.71,0,0.62,0.02,0.67,0.03,0.77,0.02,0.7,-0.01,0.81,0,0.71,-0.04,0.65,-0.02,0.76,-0.03,0.59,-0.14,0.66,-0.14,0.73,-0.15,0.8,-0.15,0.87,-0.14,0.65,-0.19,0.73,-0.21,0.81,-0.19
0.505494505,0.78021978,0,0,0,0.10989011,0.010989011,0.21978022,0.032967033,0.32967033,0.065934066,0.43956044,0.10989011,0.538461538,0.186813187,0.626373626,0.274725275,0.703296703,0.384615385,0.758241758,1,0.010989011,1,0.120879121,0.989010989,0.230769231,0.978021978,0.340659341,0.945054945,0.450549451,0.89010989,0.549450549,0.813186813,0.626373626,0.725274725,0.703296703,0.626373626,0.758241758,0.263736264,0.021978022,0.274725275,-0.010989011,0.175824176,-0.010989011,0.21978022,0.010989011,0.318681319,0.010989011,0.285714286,-0.021978022,0.362637363,0.010989011,0.274725275,-0.054945055,0.21978022,-0.043956044,0.32967033,-0.032967033,0.098901099,-0.131868132,0.164835165,-0.142857143,0.230769231,-0.142857143,0.296703297,-0.131868132,0.373626374,-0.131868132,0.153846154,-0.186813187,0.230769231,-0.197802198,0.307692308,-0.175824176,0.307692308,0.472527473,0.505494505,0.593406593,0.406593407,0.505494505,0.362637363,0.527472527,0.417582418,0.571428571,0.593406593,0.516483516,0.648351648,0.538461538,0.582417582,0.571428571,0.505494505,0.527472527,0.692307692,0.472527473,0.505494505,0.494505495,0.461538462,0.43956044,0.384615385,0.450549451,0.406593407,0.483516484,0.549450549,0.450549451,0.626373626,0.461538462,0.593406593,0.483516484,0.505494505,0.450549451,0.417582418,0.021978022,0.373626374,0.208791209,0.417582418,0.32967033,0.494505495,0.351648352,0.582417582,0.021978022,0.615384615,0.208791209,0.571428571,0.32967033,0.340659341,0.296703297,0.648351648,0.296703297,0.494505495,0.252747253,0.736263736,0.032967033,0.725274725,0.010989011,0.637362637,0.021978022,0.681318681,0.032967033,0.78021978,0.021978022,0.714285714,0,0.813186813,0.010989011,0.725274725,-0.032967033,0.681318681,-0.021978022,0.78021978,-0.021978022,0.637362637,-0.120879121,0.703296703,-0.120879121,0.769230769,-0.120879121,0.835164835,-0.10989011,0.89010989,-0.098901099,0.703296703,-0.164835165,0.769230769,-0.164835165,0.846153846,-0.153846154
0.5,0.81,0,0,0,0.11,0.01,0.23,0.03,0.34,0.06,0.45,0.12,0.55,0.19,0.64,0.27,0.72,0.37,0.78,1,0.01,1,0.12,0.99,0.23,0.97,0.34,0.94,0.45,0.88,0.55,0.81,0.64,0.72,0.72,0.62,0.78,0.24,0.03,0.25,0,0.16,0,0.2,0.02,0.29,0.03,0.25,-0.01,0.33,0.02,0.25,-0.04,0.2,-0.03,0.3,-0.02,0.12,-0.11,0.18,-0.12,0.24,-0.12,0.31,-0.12,0.37,-0.11,0.17,-0.16,0.24,-0.18,0.32,-0.16,0.29,0.45,0.48,0.6,0.38,0.51,0.33,0.52,0.39,0.58,0.59,0.51,0.65,0.53,0.58,0.58,0.48,0.53,0.69,0.45,0.48,0.45,0.43,0.41,0.36,0.42,0.39,0.45,0.53,0.41,0.62,0.42,0.59,0.45,0.48,0.42,0.42,0.02,0.38,0.2,0.41,0.32,0.48,0.34,0.57,0.02,0.6,0.21,0.56,0.32,0.34,0.29,0.63,0.29,0.48,0.25,0.72,0.03,0.72,0,0.62,0.02,0.67,0.03,0.77,0.02,0.71,-0.01,0.81,0,0.71,-0.04,0.66,-0.02,0.77,-0.03,0.6,-0.11,0.67,-0.12,0.75,-0.12,0.82,-0.12,0.88,-0.12,0.66,-0.16,0.74,-0.18,0.82,-0.17
0.5,0.75,0,0,0.007352941,0.102941176,0.022058824,0.213235294,0.044117647,0.316176471,0.073529412,0.419117647,0.132352941,0.514705882,0.198529412,0.595588235,0.286764706,0.669117647,0.382352941,0.727941176,1,-0.007352941,0.992647059,0.102941176,0.985294118,0.213235294,0.963235294,0.316176471,0.926470588,0.419117647,0.875,0.514705882,0.801470588,0.595588235,0.720588235,0.669117647,0.625,0.727941176,0.25,0.022058824,0.257352941,-0.007352941,0.161764706,-0.014705882,0.198529412,0.007352941,0.308823529,0.014705882,0.264705882,-0.014705882,0.352941176,0.007352941,0.257352941,-0.051470588,0.205882353,-0.044117647,0.316176471,-0.029411765,0.073529412,-0.110294118,0.139705882,-0.117647059,0.220588235,-0.117647059,0.294117647,-0.110294118,0.375,-0.102941176,0.139705882,-0.169117647,0.220588235,-0.176470588,0.308823529,-0.154411765,0.308823529,0.441176471,0.492647059,0.544117647,0.404411765,0.463235294,0.360294118,0.492647059,0.411764706,0.529411765,0.580882353,0.463235294,0.632352941,0.485294118,0.573529412,0.529411765,0.492647059,0.470588235,0.683823529,0.433823529,0.485294118,0.470588235,0.441176471,0.411764706,0.375,0.426470588,0.397058824,0.455882353,0.529411765,0.411764706,0.602941176,0.426470588,0.580882353,0.455882353,0.485294118,0.426470588,0.419117647,0.022058824,0.389705882,0.198529412,0.419117647,0.308823529,0.485294118,0.330882353,0.551470588,0.022058824,0.588235294,0.198529412,0.558823529,0.301470588,0.360294118,0.272058824,0.617647059,0.272058824,0.485294118,0.25,0.720588235,0.029411765,0.713235294,0,0.617647059,0.022058824,0.669117647,0.022058824,0.772058824,0.014705882,0.705882353,-0.007352941,0.808823529,-0.007352941,0.705882353,-0.044117647,0.654411765,-0.022058824,0.764705882,-0.036764706,0.573529412,-0.095588235,0.654411765,-0.102941176,0.735294118,-0.117647059,0.808823529,-0.117647059,0.882352941,-0.117647059,0.647058824,-0.147058824,0.727941176,-0.169117647,0.816176471,-0.169117647
0.5,0.803921569,0,0,0,0.107843137,0.019607843,0.225490196,0.039215686,0.333333333,0.068627451,0.441176471,0.12745098,0.539215686,0.196078431,0.637254902,0.274509804,0.715686275,0.37254902,0.784313725,1,0.009803922,1,0.117647059,0.980392157,0.225490196,0.960784314,0.343137255,0.921568627,0.450980392,0.87254902,0.549019608,0.803921569,0.637254902,0.715686275,0.715686275,0.62745098,0.784313725,0.254901961,0.029411765,0.254901961,0,0.166666667,-0.009803922,0.205882353,0.019607843,0.303921569,0.029411765,0.264705882,0,0.352941176,0.019607843,0.264705882,-0.039215686,0.205882353,-0.029411765,0.31372549,-0.019607843,0.088235294,-0.12745098,0.156862745,-0.12745098,0.225490196,-0.117647059,0.303921569,-0.098039216,0.382352941,-0.088235294,0.147058824,-0.176470588,0.235294118,-0.166666667,0.31372549,-0.147058824,0.31372549,0.509803922,0.5,0.607843137,0.411764706,0.529411765,0.362745098,0.558823529,0.421568627,0.598039216,0.598039216,0.529411765,0.637254902,0.549019608,0.588235294,0.588235294,0.5,0.539215686,0.68627451,0.490196078,0.5,0.519607843,0.450980392,0.470588235,0.382352941,0.490196078,0.411764706,0.519607843,0.539215686,0.470588235,0.617647059,0.480392157,0.588235294,0.509803922,0.5,0.480392157,0.421568627,0.029411765,0.392156863,0.235294118,0.431372549,0.352941176,0.5,0.37254902,0.568627451,0.019607843,0.607843137,0.225490196,0.578431373,0.343137255,0.362745098,0.323529412,0.637254902,0.31372549,0.5,0.274509804,0.725490196,0.049019608,0.715686275,0.009803922,0.617647059,0.039215686,0.666666667,0.039215686,0.774509804,0.029411765,0.705882353,0,0.81372549,0,0.715686275,-0.029411765,0.656862745,-0.009803922,0.774509804,-0.019607843,0.598039216,-0.088235294,0.676470588,-0.098039216,0.754901961,-0.117647059,0.823529412,-0.117647059,0.892156863,-0.117647059,0.666666667,-0.147058824,0.745098039,-0.166666667,0.833333333,-0.166666667
